id;citizen_serial;passport_serial;entity_serial;full_name;first_name;middle_name;grand_name;surname;aka;dob;gender;driver_license_serial;driver_license_type;jurisdiction;updated;wallet
1;mobile Concrete Associate;Officer;ADP bricks-and-clicks well-modulated;GB card impactful;Rolando;Tuna;Plastic America open-source;impactful Legacy;framework;2023-02-04T20:53:11;Chief;out-of-the-box copying Architect;81002;81946;2023-02-04T01:24:49;53357
2;digital Intelligent;deposit calculate Cambridgeshire;target info-mediaries;Profit-focused Principal robust;Ophelia;online;Division;Rubber;cross-platform relationships neural;2023-02-04T05:29:27;Handcrafted;Ergonomic distributed Cotton;96175;8085;2023-02-04T00:57:02;69717
3;Awesome global Sleek;revolutionize Berkshire Strategist;circuit Facilitator strategy;Savings neural;Jedidiah;Persistent;Metal;programming Dinar;Soft workforce;2023-02-04T14:46:24;partnerships;Automotive explicit Berkshire;53818;6628;2023-02-04T12:08:01;88101
4;indexing;24/365 Borders index;Eritrea Administrator;Locks;Isom;Terrace Central plug-and-play;Pa'anga Unbranded;Handcrafted Virginia Cambridgeshire;Borders online;2023-02-04T06:21:59;synergies Concrete;Chicken Granite;40073;55871;2023-02-04T08:27:46;40363
5;Unbranded lavender;vertical Fiji;Chair content-based;Wooden;Kaylie;Intelligent Director Buckinghamshire;partnerships Ball;Bike deposit Implementation;plum;2023-02-04T06:06:24;lavender;Bedfordshire Shirt neural;61045;51357;2023-02-04T14:07:20;9995
6;Home;Metal circuit;facilitate Branding connecting;Pierre International;Winfield;online Solutions Bulgaria;online extranet Shoes;optical;Plastic;2023-02-04T01:50:43;ivory;Uzbekistan Vista Direct;91619;21787;2023-02-04T01:07:16;40612
7;cyan;directional;open-source;SSL Investment multi-byte;Ashlee;Island Object-based application;collaborative Cotton New;Steel;cyan schemas;2023-02-03T22:35:47;database Oregon USB;Metal Awesome Jewelery;57370;16331;2023-02-04T00:34:21;61355
8;national Account;Home GB Progressive;calculate Account hacking;deposit;Shaylee;Applications;Car Extended Cambridgeshire;AI;driver indexing Pizza;2023-02-03T22:01:44;Total scale;tan bypassing bandwidth;50507;48324;2023-02-04T04:17:05;73906
9;National;transmitting navigating Small;JSON;orchid;Zita;Optimized;white deposit;virtual red Cotton;Islands;2023-02-04T13:03:44;Trafficway SAS Zloty;Group plug-and-play;93886;64678;2023-02-04T11:11:32;15687
10;Soap Ergonomic HDD;virtual content-based;Implementation Serbian;Clothing Carolina;Mariana;Designer Corporate Buckinghamshire;optimize interface Tuna;Netherlands multi-byte Concrete;National;2023-02-03T23:05:11;Customer;Adaptive;36195;86160;2023-02-04T13:02:56;97
